pm25imf_truth,pm25imf_predict
3.7238729000091553,2.7110214
4.716381549835205,3.7075424
5.710287094116211,4.6927643
6.69823694229126,5.6619644
7.672887325286865,6.622986
8.626894950866685,7.5722733
9.552921295166016,8.516075
10.443597793579102,9.437149
11.29160881042479,10.316841
12.08958911895752,11.133255
12.83019924163817,11.907486
13.50610637664795,12.639198
14.109936714172377,13.306808
14.634368896484375,13.910858
15.072049140930176,14.437111
15.415639877319336,14.876381
15.657795906066909,15.221542
15.791152000427246,15.465485
15.808457374572754,15.601036
15.702727317810059,15.621162
15.46710109710692,15.518875
15.096711158752441,15.287437
14.594935417175307,14.920952
13.96898365020752,14.427193
13.226527214050293,13.805084
12.37524032592772,13.060913
11.42282390594481,12.218842
10.377002716064453,11.273476
9.24585247039795,10.231659
8.037553787231445,9.09494
6.760228157043471,7.8711777
5.422072410583496,6.6010513
4.031203269958496,5.299515
2.5958170890808248,3.820259
1.124030351638794,2.2511368
-0.37598469853401184,0.6916046
-1.896064043045044,-0.8611069
-3.428044557571411,-2.5343094
-4.963784694671631,-4.033348
-6.495135307312012,-5.4273224
-8.013932228088379,-6.8270035
-9.512007713317871,-8.271233
-10.981210708618164,-9.686188
-12.413389205932617,-11.131714
-13.800398826599121,-12.591232
-15.134060859680176,-13.985504
-16.40672492980957,-15.350647
-17.612842559814453,-16.703476
-18.74800682067871,-17.981407
-19.808643341064453,-19.178596
-20.791358947753906,-20.290596
-21.692792892456055,-21.314034
-22.509868621826172,-22.249329
-23.239540100097656,-23.128304
-23.87874984741211,-23.909103
-24.424509048461914,-24.540344
-24.873743057250977,-25.00319
-25.223464965820312,-25.378212
-25.470762252807617,-25.66401
-25.612781524658203,-25.85434
-25.646602630615234,-25.944672
-25.569162368774414,-25.948418
-25.37738037109375,-25.863197
-25.068084716796875,-25.681381
-24.638195037841797,-25.383957
-24.084552764892578,-24.979874
-23.404071807861328,-24.456009
-22.593608856201172,-23.71605
-21.65004539489746,-22.793411
-20.570255279541016,-21.721184
-19.351125717163086,-20.495811
-17.98954200744629,-19.116028
-16.48236656188965,-17.578453
-14.828509330749512,-15.9192505
-13.03561019897461,-14.127129
-11.115779876708984,-12.266113
-9.082893371582031,-10.337807
-6.955358982086182,-8.26226
-4.752721786499023,-6.1427
-2.4945321083068848,-3.9648438
-0.2003350555896759,-1.8652344
2.1103172302246236,0.25040436
4.417843818664565,2.4370422
6.70273637771605,4.685356
8.945438385009766,6.887726
11.126381874084473,9.0928955
13.226795196533203,11.259888
15.231391906738267,13.403206
17.127674102783217,15.433647
18.906070709228516,17.346275
20.562461853027344,19.152428
22.094633102416992,20.822952
23.500478744506836,22.35138
24.777929306030273,23.746216
25.92491340637207,25.011055
26.939340591430664,26.1361
27.819145202636733,27.1232
28.562252044677734,27.973267
29.166416168212905,28.68525
29.628770828247056,29.257149
29.94631576538086,29.686676
30.1160182952881,29.971153
30.13473129272461,30.10775
29.998798370361328,30.09333
29.704063415527344,29.924454
29.246231079101562,29.597137
28.621053695678725,29.107132
27.82579803466797,28.450089
26.863954544067397,27.622177
25.740549087524414,26.62249
24.461437225341797,25.453201
23.03630638122557,24.119148
21.47789192199707,22.628769
19.799495697021484,20.99453
18.014430999755845,19.231888
16.1359806060791,17.3751
14.177445411682143,15.483322
12.152132034301758,13.54821
10.073336601257324,11.556267
7.954348087310791,9.513626
5.808468818664551,7.449936
3.649015188217163,5.30204
1.4892706871032715,2.9753036
-0.657474160194397,0.73342896
-2.777888774871826,-1.6199112
-4.858712673187256,-3.8605042
-6.886608123779297,-5.790634
-8.848315238952637,-7.6697845
-10.730518341064453,-9.501923
-12.519911766052246,-11.363686
-14.203190803527832,-13.1791
-15.768844604492188,-14.862755
-17.212804794311523,-16.49031
-18.5345458984375,-18.00888
-19.73392677307129,-19.384048
-20.81084632873535,-20.614845
-21.765182495117188,-21.70295
-22.59683609008789,-22.6529
-23.30614471435547,-23.5103
-23.89529800415039,-24.232574
-24.366966247558594,-24.72718
-24.723806381225586,-25.096054
-24.96847152709961,-25.360352
-25.103620529174805,-25.524315
-25.131921768188477,-25.591736
-25.05598258972168,-25.565697
-24.878293991088867,-25.449219
-24.60120391845703,-25.244644
-24.22697639465332,-24.954071
-23.758867263793945,-24.579521
-23.20425033569336,-24.062973
-22.57122802734375,-23.403503
-21.866395950317383,-22.6493
-21.094379425048828,-21.809952
-20.260276794433594,-20.896233
-19.369422912597656,-19.91594
-18.427160263061523,-18.876785
-17.43882179260254,-17.785889
-16.409751892089844,-16.682022
-15.345281600952148,-15.5419235
-14.250752449035645,-14.36705
-13.131440162658691,-13.206009
-11.992386817932129,-12.067383
-10.838571548461914,-10.936623
-9.674958229064941,-9.769508
-8.5065336227417,-8.6128235
-7.338270664215088,-7.4528503
-6.17514705657959,-6.335602
-5.022143840789795,-5.235138
-3.8842356204986572,-4.1433105
-2.7663936614990234,-3.1357803
-1.6736724376678467,-2.1330872
-0.6111253499984741,-1.172287
0.41741740703582764,-0.228302
1.4091941118240356,0.75336456
2.3624842166900635,1.7691727
3.2757766246795796,2.7179794
4.14755916595459,3.606079
4.976328372955322,4.4364243
5.760571002960205,5.2224274
6.498781681060791,5.947113
7.189450740814209,6.6399384
7.831065654754639,7.2825394
8.422122955322266,7.886421
8.961108207702637,8.450317
9.446520805358887,8.963669
9.876838684082031,9.425034
10.250566482543931,9.832985
10.566433906555176,10.186096
10.824056625366211,10.4793625
11.022333145141602,10.708809
11.158552169799805,10.8828125
11.232439994812026,10.999962
11.244479179382324,11.05925
11.195161819458008,11.060402
11.085054397582994,11.003601
10.914868354797363,10.889336
10.685464859008789,10.717285
10.397746086120605,10.483749
10.052823066711426,10.194946
9.652676582336426,9.851875
9.200427055358901,9.44902
8.702692985534682,8.993996
8.166511535644531,8.488258
7.598797798156738,7.9414215
7.006463050842285,7.3598633
6.3964080810546875,6.7561264
5.775485992431641,6.145996
5.150527477264404,5.533737
4.528378963470459,4.9164734
3.915868043899536,4.2828674
3.3198397159576416,3.618103
2.747129678726182,2.9460373
2.20343017578125,2.308258
1.6898399591445923,1.7044601
1.2063270807266235,1.1565475
0.752845287322998,0.66593933
0.3293149769306183,0.22103119
-0.06448006629943848,-0.18395996
-0.42880794405937195,-0.5702133
-0.7639217376708984,-0.91012573
-1.070077896118164,-1.2478485
-1.3475428819656372,-1.5523148
-1.5965707302093506,-1.8070984
-1.8174247741699219,-2.0262527
-2.010359048843384,-2.2156067
-2.175657272338867,-2.3793945
-2.313706874847412,-2.5162354
-2.424901008605957,-2.626915
-2.5097451210021973,-2.7136078
-2.569042682647705,-2.7747803
-2.6036179065704346,-2.8121796
-2.6139934062957764,-2.8268127
-2.600522756576538,-2.8193893
-2.5640783309936523,-2.7904892
-2.5057055950164795,-2.740799
-2.4265787601470947,-2.6722107
-2.327877998352051,-2.5871124
-2.210818290710449,-2.4827347
-2.07657790184021,-2.3608932
-1.926357626914978,-2.2235718
-1.7613437175750732,-2.0712662
-1.5827257633209229,-1.9042206
-1.391711950302124,-1.7243423
-1.1894809007644653,-1.5312576
-0.977232813835144,-1.3348389
-0.7561658620834351,-1.1228409
-0.5274573564529419,-0.90628815
-0.2923203110694885,-0.6861191
-0.051928937435150146,-0.45572662
0.19251209497451782,-0.2130127
0.43981027603149414,0.036239624
0.6887816190719604,0.2840042
0.938215970993042,0.53650665
1.1869369745254517,0.7891464
1.433748483657837,1.0451736
1.6774492263793945,1.3013153
1.9168508052825786,1.5637589
2.150750160217271,1.8250046
2.3779783248901367,2.0768356
2.597322463989258,2.317009
2.807584762573242,2.5511932
3.0075879096984863,2.777794
3.196145534515381,2.9919739
3.372042417526245,3.1853714
3.5340914726257324,3.3609238
3.681107521057129,3.5225449
3.811882734298706,3.6699295
3.925245046615615,3.802353
4.019987106323256,3.9141388
4.094915390014648,4.006027
4.148842811584473,4.0786896
4.180555343627944,4.1309967
4.188943862915039,4.161827
4.17285537719728,4.170021
4.13129997253418,4.154518
4.063063144683838,4.1142807
3.967009782791152,4.048233
3.8418674468994283,3.9553528
3.6863675117492676,3.829239
3.499284267425537,3.671814
3.2793617248535156,3.479828
3.0254921913146973,3.2478485
2.737380027770996,2.9724274
2.415350914001479,2.6596146
2.060361385345459,2.3091202
1.6738959550857544,1.9173126
1.2574166059494019,1.4901962
0.8126040697097778,1.0538864
0.3414233922958374,0.59942627
-0.15400803089141846,0.12808228
-0.6716254949569702,-0.37431335
-1.2093056440353394,-0.896286
-1.7649836540222168,-1.4810104
-2.336550235748291,-2.042778
-2.9220170974731445,-2.5947342
-3.519787073135376,-3.1651535
-4.128421783447266,-3.712059
-4.746375560760498,-4.2382355
-5.3722333908081055,-4.7718735
-6.00444221496582,-5.375107
-6.64158821105957,-5.9484634
-7.282162189483643,-6.5302277
-7.924681663513184,-7.1296616
-8.56766128540039,-7.723076
-9.209620475769043,-8.3263855
-9.849085807800293,-8.940598
-10.484591484069824,-9.551643
-11.114614486694336,-10.166336
-11.737709999084473,-10.795074
-12.352377891540527,-11.402451
-12.95714282989502,-11.985008
-13.550517082214355,-12.575409
-14.13102912902832,-13.164444
-14.697200775146484,-13.740105
-15.24752426147461,-14.319748
-15.780553817749023,-14.898918
-16.2947998046875,-15.459267
-16.788755416870117,-15.999268
-17.260955810546875,-16.517311
-17.709924697875977,-17.011856
-18.134183883666992,-17.481308
-18.53224754333496,-17.924133
-18.902610778808594,-18.33873
-19.243833541870117,-18.723534
-19.554414749145508,-19.076958
-19.832853317260742,-19.39746
-20.077716827392578,-19.683441
-20.28746795654297,-19.933334
-20.46067237854004,-20.145554
-20.59580421447754,-20.325142
-20.69146728515625,-20.465591
-20.746135711669922,-20.562141
-20.758255004882812,-20.613144
-20.72626495361328,-20.616974
-20.648576736450195,-20.571877
-20.52359962463379,-20.476143
-20.349735260009766,-20.328026
-20.125425338745117,-20.125732
-19.849191665649414,-19.86747
-19.519615173339844,-19.551506
-19.13513946533203,-19.176224
-18.69438934326172,-18.748253
-18.19585609436035,-18.263657
-17.63874626159668,-17.717262
-17.02497100830078,-17.107864
-16.357067108154297,-16.43573
-15.637676239013672,-15.702553
-14.869294166564941,-14.911079
-14.054506301879883,-14.064842
-13.195894241333008,-13.190979
-12.296022415161133,-12.325264
-11.357450485229492,-11.43824
-10.382768630981445,-10.494141
-9.374523162841797,-9.509598
-8.335290908813477,-8.512146
-7.267631530761719,-7.478386
-6.174138069152832,-6.454109
-5.05735445022583,-5.420952
-3.9198737144470215,-4.356331
-2.764224052429199,-3.3393936
-1.5930147171020508,-2.29924
-0.40878915786743164,-1.2572632
0.7858662605285645,-0.1957016
1.9883928298950195,0.96053314
3.196221351623535,2.1793137
4.406790733337402,3.3764877
5.617525100708008,4.5451584
6.825832366943345,5.689888
8.029184341430664,6.829239
9.224987030029297,7.974098
10.41068077087401,9.133949
11.583711624145508,10.276314
12.74148178100586,11.385689
13.881441116333008,12.501053
15.001026153564439,13.615112
16.097614288330078,14.714775
17.16871452331543,15.791031
18.21174049377443,16.84137
19.22408103942871,17.863297
20.20320701599121,18.86901
21.146530151367188,19.840935
22.051490783691406,20.776398
22.91553497314453,21.674194
23.73605346679686,22.540726
24.51050567626953,23.362694
25.23632621765138,24.13755
25.910942077636705,24.862755
26.53182029724121,25.535713
27.09717559814453,26.153923
27.60741996765138,26.715157
28.063709259033217,27.218315
28.467439651489244,27.66359
28.81969261169432,28.052132
29.12158203125,28.385681
29.37425613403319,28.666428
29.5787925720215,28.896843
29.736360549926744,29.0793
29.848041534423814,29.215233
29.914981842041016,29.305748
29.9382381439209,29.351883
29.91875648498535,29.354782
29.857402801513672,29.315475
29.755046844482422,29.234901
29.612575531005874,29.11399
29.43089485168457,28.953537
29.210834503173828,28.75441
28.95330047607422,28.517395
28.659187316894517,28.243294
28.329336166381836,27.932945
27.964656829833984,27.587257
27.566009521484375,27.207108
27.134290695190415,26.793358
26.67037010192871,26.34687
26.175113677978516,25.868584
25.6494197845459,25.359299
25.094154357910156,24.819923
24.510215759277344,24.251328
23.898458480834947,23.654404
23.259769439697266,23.029984
22.595046997070312,22.378975
21.905143737792983,21.702225
21.19093894958496,21.00064
20.453336715698242,20.27504
19.693195343017592,19.526352
18.911399841308594,18.755394
18.10881996154785,17.971138
17.286354064941406,17.179901
16.44490814208983,16.369553
15.58558464050293,15.553436
14.7097806930542,14.7235565
13.819190025329604,13.8778
12.915655136108398,13.03112
12.001014709472656,12.176964
11.077104568481445,11.310287
10.145732879638672,10.429749
9.20874118804933,9.537071
8.268009185791016,8.629509
7.325650691986084,7.716675
6.383836269378662,6.81102
5.444743633270278,5.9132004
4.510534286499023,5.0340805
3.5833816528320312,4.084549
2.6654460430145264,3.0891418
1.758920431137085,2.1206436
0.8659565448760986,1.1758804
-0.011261463165283203,0.28779602
-0.8705785274505615,-0.57167053
-1.7098197937011719,-1.4864426
-2.52681303024292,-2.3389282
-3.3193776607513428,-3.1205063
-4.08536434173584,-3.8400574
-4.822585105895996,-4.4726334
-5.52888298034668,-5.1229324
-6.202073097229004,-5.7665405
-6.840147972106934,-6.355217
-7.441662788391113,-6.9306793
-8.005349159240723,-7.478264
-8.529939651489258,-7.9771805
-9.014138221740723,-8.459419
-9.456679344177246,-8.905174
-9.856281280517578,-9.310234
-10.211650848388672,-9.67392
-10.521520614624023,-9.998222
-10.78461742401123,-10.289467
-10.999658584594727,-10.533936
-11.165363311767578,-10.730331
-11.28045654296875,-10.877373
-11.343656539916992,-10.971848
-11.353857040405273,-11.013855
-11.310822486877441,-11.004585
-11.215320587158203,-10.943146
-11.068906784057617,-10.827126
-10.873748779296875,-10.658791
-10.632722854614258,-10.439804
-10.348848342895508,-10.170486
-10.025188446044922,-9.856369
-9.664712905883789,-9.512054
-9.270236015319824,-9.137222
-8.84455680847168,-8.730873
-8.390424728393555,-8.29287
-7.910634517669678,-7.823593
-7.4079484939575195,-7.331337
-6.885140419006348,-6.832527
-6.344999313354492,-6.3459854
-5.79026985168457,-5.8275757
-5.223749160766602,-5.2913055
-4.648202419281006,-4.7412033
-4.066404819488525,-4.2112503
-3.4811453819274902,-3.696663
-2.895167827606201,-3.1653366
-2.311265468597412,-2.6395035
-1.732219934463501,-2.103424
-1.160782814025879,-1.5691452
-0.5997428894042969,-1.0459442
-0.05187487602233887,-0.5405655
0.48005104064941406,-0.007171631
0.9932646751403809,0.520195
1.4849803447723389,1.0461197
1.952427625656128,1.560112
2.392855405807481,2.059578
2.803375005722046,2.519104
3.1808536052703857,2.9396286
3.522013902664199,3.3171463
3.823642730712905,3.6579132
4.0824737548828125,3.953659
4.295267581939697,4.2075806
4.458796501159654,4.4128494
4.569805145263672,4.5710983
4.6257481575012065,4.6789017
4.627021789550781,4.7334747
4.57539176940918,4.7333145
4.472740650176988,4.6786423
4.321051120758057,4.5708084
4.122454643249526,4.415825
3.879164695739746,4.208481
3.593350648880005,3.9542236
3.267226457595811,3.6456146
2.902991533279419,3.2807083
2.5028483867645264,2.8663101
2.0689966678619385,2.4146423
1.6036083698272705,1.9237671
1.108905553817749,1.4042892
0.5870875120162964,0.8883133
0.04044085741043091,0.35507202
-0.5284193754196167,-0.19024658
-1.1167981624603271,-0.7735138
-1.721947193145752,-1.4025497
-2.341175079345703,-2.0271912
-2.9717679023742676,-2.6266174
-3.611011505126953,-3.2403107
-4.256191730499268,-3.8225555
-4.904636383056641,-4.3750153
-5.5538835525512695,-4.9583282
-6.201478004455566,-5.5784454
-6.844988822937012,-6.1629105
-7.481956481933594,-6.7529984
-8.109968185424805,-7.35614
-8.726558685302734,-7.9329605
-9.329326629638672,-8.519989
-9.915778160095215,-9.096275
-10.483516693115234,-9.655991
-11.030095100402832,-10.20723
-11.553211212158203,-10.751381
-12.051324844360352,-11.262802
-12.522749900817871,-11.733116
-12.9658203125,-12.175163
-13.378924369812012,-12.602745
-13.760992050170898,-13.005104
-14.111148834228516,-13.375084
-14.428483963012695,-13.711884
-14.71208381652832,-14.026703
-14.961084365844727,-14.313644
-15.174534797668457,-14.563133
-15.351585388183594,-14.77449
-15.491466522216797,-14.947067
-15.593503952026367,-15.080048
-15.656957626342773,-15.1726
-15.68110466003418,-15.223984
-15.665237426757812,-15.233444
-15.608631134033203,-15.200256
-15.51055908203125,-15.123764
-15.37034797668457,-15.0032425
-15.18724250793457,-14.837975
-14.960540771484375,-14.627167
-14.689504623413086,-14.370064
-14.37346363067627,-14.065941
-14.01165771484375,-13.7140045
-13.603387832641602,-13.311272
-13.147919654846191,-12.89769
-12.644570350646973,-12.450142
-12.0925874710083,-11.957123
-11.491279602050781,-11.415245
-10.839923858642578,-10.815971
-10.137791633605957,-10.158592
-9.384194374084473,-9.456261
-8.578400611877441,-8.718224
-7.719662666320801,-7.9184113
-6.807313919067383,-7.070755
-5.840608596801758,-6.2148056
-4.818821907043457,-5.303787
-3.741159439086914,-4.3400345
-2.6063194274902344,-3.3765106
-1.4130096435546875,-2.3554916
-0.1603384017944336,-1.2818222
1.1518774032592773,-0.15209198
2.5227346420288086,1.1371536
3.9489126205444336,2.5189667
5.426363945007338,3.9020767
6.951267242431641,5.3324966
8.519569396972642,6.765831
10.127418518066406,8.269646
11.770794868469238,9.841339
13.445796012878418,11.42157
15.148467063903809,13.070007
16.874862670898438,14.761475
18.621040344238267,16.474693
20.383068084716797,18.212936
22.15700912475586,19.984383
23.938888549804688,21.76606
25.724777221679688,23.560532
27.510723114013672,25.37291
29.29280853271483,27.183739
31.06706047058107,28.989044
32.82955169677736,30.784851
34.576332092285156,32.567154
36.30345916748047,34.33197
38.006996154785156,36.07538
39.68297576904297,37.79339
41.32749557495117,39.482048
42.93658447265625,41.137383
44.50628662109375,42.75544
46.03268051147461,44.332314
47.51183319091797,45.864037
48.93975067138672,47.346672
50.31254959106445,48.776283
51.626251220703125,50.148994
52.87690734863281,51.460823
54.06059646606445,52.707893
55.17336654663086,53.8863
56.21127700805664,54.992104
57.17036437988281,56.021873
58.046722412109375,56.972496
58.83636474609375,57.838768
59.53538513183594,58.616753
60.13978576660156,59.302605
60.64570617675781,59.892418
61.049095153808594,60.38233
61.346092224121094,60.76844
61.53245162963867,61.046867
61.604042053222656,61.21366
61.55634307861328,61.264763
61.38463592529297,61.19593
61.08384704589844,61.002693
60.64891052246094,60.68026
60.0745849609375,60.223595
59.35578918457031,59.62742
58.487369537353516,58.886497
57.46418380737305,57.99534
56.281097412109375,56.94874
54.93354797363281,55.741447
53.41960144042969,54.368584
51.737762451171875,52.826546
49.88667297363281,51.11306
47.865623474121094,49.226707
45.67776107788086,47.169167
43.33146667480469,44.9401
40.836341857910156,42.545113
38.20191955566406,39.993004
35.43777084350586,37.293907
32.55343627929689,34.459274
29.55851173400879,31.501808
26.46253204345703,28.434677
23.275100708007827,25.269798
20.005767822265625,22.017029
16.664043426513672,18.713654
13.259540557861328,15.439705
9.801830291748047,12.140701
6.300416946411133,8.852592
2.7649374008178853,5.436592
-0.7950901985168457,1.7195587
-4.370096683502197,-2.1421738
-7.950519561767578,-5.775032
-11.526765823364258,-9.202843
-15.089323043823242,-12.718315
-18.628599166870117,-16.304
-22.13503646850586,-20.014
-25.599077224731445,-23.721275
-29.01114845275879,-26.752342
-32.36170196533203,-29.469421
-35.64114761352539,-31.978043
-38.83995437622071,-34.648758
-41.948543548583984,-37.594128
-44.95735931396485,-40.075798
-47.85683059692383,-42.535202
-50.63740158081055,-45.492584
-53.28950500488281,-48.362923
-55.8035774230957,-51.055645
-58.17025375366211,-53.352615
-60.38131332397461,-55.432224
-62.43050765991211,-57.389946
-64.31282043457031,-59.223286
-66.02432250976561,-60.94977
-67.56162261962889,-62.486645
-68.92284393310547,-63.807938
-70.10639953613281,-64.98041
-71.11076354980469,-65.98082
-71.93437957763672,-66.79748
-72.57567596435547,-67.44943
-73.03314208984375,-67.97691
-73.30520629882812,-68.386154
-73.39030456542969,-68.676186
-73.28691101074219,-68.84581
-72.993408203125,-68.89386
-72.50807189941406,-68.81914
-71.82889556884766,-68.620476
-70.95376586914062,-68.29666
-69.88063049316406,-67.846405
-68.60735321044922,-67.26724
-67.13185882568361,-66.48845
-65.45210266113281,-65.556335
-63.56597518920898,-64.42052
-61.47259521484375,-63.068134
-59.17776489257813,-61.444252
-56.69688034057617,-59.569717
-54.04742431640625,-57.486362
-51.24688720703125,-55.23488
-48.312744140625,-52.54495
-45.262489318847656,-49.56253
-42.11360931396485,-46.173523
-38.88358688354492,-42.714493
-35.589900970458984,-38.854656
-32.249702453613274,-35.122345
-28.878662109375,-31.658314
-25.49212646484375,-28.293812
-22.105117797851562,-24.882965
-18.731199264526367,-20.709969
-15.38334846496582,-16.838295
-12.072949409484863,-13.226967
-8.809110641479492,-9.664703
-5.599032402038574,-6.4757385
-2.446511745452881,-3.347313
0.645439624786377,-0.51690674
3.6738176345825195,2.03759
6.635611534118652,4.668045
9.527820587158203,7.376999
12.347429275512695,10.104454
15.091442108154297,12.893768
17.756851196289077,15.573402
20.340633392333984,18.185684
22.839813232421875,20.740921
25.25135612487793,23.209694
27.57225799560547,25.598488
29.799537658691406,27.916222
31.930156707763672,30.137642
33.96112823486327,32.25979
35.88943481445314,34.2798
37.71208190917969,36.194695
39.426048278808594,38.001625
41.02835464477539,39.69767
42.51595687866211,41.279945
43.88588333129883,42.745537
45.13508987426758,44.09156
46.26060104370117,45.3151
47.2593994140625,46.413338
48.12849044799805,47.383278
48.8648567199707,48.22216
49.465476989746094,48.92701
49.92736053466797,49.494972
50.24750900268555,49.923103
50.42290115356445,50.20864
50.451045989990234,50.34858
50.33159255981445,50.34028
50.065147399902344,50.182106
49.65304183959961,49.873634
49.097198486328125,49.415688
48.400489807128906,48.810158
47.56800079345703,48.060204
46.60578536987305,47.170753
45.52055740356445,46.148323
44.319183349609375,44.999886
43.008487701416016,43.73313
41.59539794921875,42.356224
40.08672332763672,40.877495
38.48933792114258,39.305275
36.810115814208984,37.646965
35.055934906005845,35.90969
33.23361968994139,34.100266
31.350082397460938,32.22547
29.41213035583496,30.29206
27.42666244506836,28.306747
25.40053367614746,26.276314
23.34061431884767,24.207542
21.253765106201172,22.10711
19.146831512451158,19.981796
17.02670669555664,17.860985
14.900225639343262,15.777168
12.774267196655288,13.738464
10.655698776245117,11.695534
8.551358222961426,9.66983
6.468135356903062,7.675392
4.412895202636733,5.646805
2.3924751281738423,3.4820633
0.41376006603240967,1.405571
-1.5163958072662354,-0.63825226
-3.391124725341797,-2.7362823
-5.203564167022705,-4.530403
-6.946854591369629,-6.1428757
-8.614556312561035,-7.7499313
-10.202001571655273,-9.264076
-11.705330848693848,-10.769691
-13.121384620666504,-12.256187
-14.44724178314209,-13.643913
-15.680511474609375,-14.922134
-16.81977653503418,-16.18557
-17.865333557128906,-17.347961
-18.81788444519043,-18.408089
-19.678369522094727,-19.3667
-20.44866371154785,-20.225151
-21.130887985229492,-20.985588
-21.727174758911133,-21.650986
-22.239625930786133,-22.25151
-22.670318603515625,-22.764038
-23.02126693725586,-23.187248
-23.294492721557617,-23.52385
-23.49212074279785,-23.776466
-23.616241455078125,-23.947357
-23.669126510620117,-24.038704
-23.65323829650879,-24.05278
-23.57111358642578,-23.991905
-23.425294876098633,-23.858742
-23.218305587768555,-23.656662
-22.95267677307129,-23.38807
-22.630952835083008,-23.055695
-22.255630493164062,-22.662651
-21.82927894592285,-22.211845
-21.354415893554688,-21.706093
-20.83356285095215,-21.148163
-20.269248962402344,-20.540855
-19.664039611816406,-19.88697
-19.02040672302246,-19.189316
-18.340938568115234,-18.450676
-17.628141403198242,-17.692589
-16.884544372558594,-16.907394
-16.112667083740234,-16.091118
-15.315078735351562,-15.246437
-14.494279861450195,-14.376083
-13.652790069580078,-13.497131
-12.79318618774414,-12.6332855
-11.917966842651367,-11.799339
-11.02965259552002,-10.937431
-10.130796432495117,-10.047157
-9.223928451538086,-9.162514
-8.311569213867188,-8.268799
-7.396269798278809,-7.3709717
-6.480523586273193,-6.5067596
-5.5669050216674805,-5.653305
-4.657912254333496,-4.789253
-3.7560977935791016,-3.9664536
-2.863983631134033,-3.1686478
-1.98409104347229,-2.380745
-1.1189574003219604,-1.5929718
-0.27113473415374756,-0.83353424
0.556756854057312,-0.062683105
1.3616528511047363,0.7467499
2.140338182449341,1.580101
2.8896265029907227,2.372261
3.606348752975478,3.1142197
4.287324905395508,3.8192825
4.929366111755371,4.4720993
5.529412269592285,5.0881577
6.084448814392104,5.6542435
6.5914411544799805,6.177391
7.047325611114516,6.660141
7.449917793273926,7.093498
7.800242424011245,7.4722214
8.100190162658706,7.8076324
8.351607322692857,8.090004
8.556344032287583,8.320831
8.71630573272705,8.502533
8.833328247070312,8.638092
8.909286499023438,8.73101
8.94602203369142,8.784569
8.94540023803711,8.800926
8.909208297729492,8.78183
8.839313507080078,8.729073
8.737488746643052,8.644432
8.605633735656738,8.52964
8.44552612304686,8.385658
8.25901985168457,8.214439
8.047910690307617,8.018234
7.814053535461426,7.79879
7.559266090393066,7.5578537
7.285384178161621,7.297203
6.994234561920152,7.0186157
6.687630653381348,6.72435
6.367382049560547,6.424431
6.03525018692018,6.1138
5.692861557006836,5.79261
5.341907978057861,5.4650955
4.98407125473021,5.1265564
4.6210036277771,4.7783203
4.25424861907959,4.4287186
3.885124921798706,4.0691986
3.514451503753662,3.6785965
3.1429028511047363,3.2800217
2.7712388038635254,2.8786774
2.4001357555389404,2.4786224
2.030321359634385,2.0803528
1.6624860763549805,1.6775742
1.2973438501358032,1.2928619
0.9356233477592468,0.9272766
0.578022301197052,0.56790924
0.2252470701932907,0.21920013
-0.12198907136917114,-0.12063599
-0.4629726707935333,-0.46981812
-0.7969903945922852,-0.80145264
-1.1233512163162231,-1.1358032
-1.4413195848464966,-1.4781418
-1.7501965761184692,-1.7874222
-2.049276828765869,-2.0779953
-2.337838649749756,-2.3532333
-2.6151845455169678,-2.6195679
-2.880600929260254,-2.8765793
-3.133373975753784,-3.1166534
-3.3727898597717285,-3.3424683
-3.598144292831421,-3.5454865
-3.808729887008667,-3.733162
-4.003849029541016,-3.9079437
-4.182757377624512,-4.069206
-4.344749927520752,-4.212761
-4.489166259765625,-4.339264
-4.615361213684082,-4.4534073
-4.723262310028076,-4.5602875
-4.812424659729004,-4.6511765
-4.883206367492676,-4.7246094
-4.936271667480469,-4.7806396
-4.972263813018799,-4.8200073
-4.991872787475586,-4.842514
-4.995689868927002,-4.8490753
-4.984389781951904,-4.8406143
-4.958584785461426,-4.8180084
-4.918892860412598,-4.782242
-4.865854740142822,-4.7360077
-4.799955368041992,-4.6789703
-4.721742630004883,-4.6110687
-4.631706237792969,-4.532715
-4.530351638793945,-4.4436493
-4.41816520690918,-4.347595
-4.295655727386475,-4.2450485
-4.163310527801514,-4.132599
-4.02163028717041,-4.011017
-3.871109962463379,-3.8828278
-3.7122509479522705,-3.747383
-3.5455403327941895,-3.6051254
-3.3714709281921387,-3.454483
-3.190553665161133,-3.2963257
-3.0032737255096436,-3.129715
-2.810133695602417,-2.9577637
-2.6116199493408203,-2.7790222
-2.408233880996704,-2.5977478
-2.2004621028900146,-2.4105911
-1.9888288974761963,-2.216774
-1.773806095123291,-2.018158
-1.5559029579162598,-1.8163834
-1.3355904817581177,-1.6066742
-1.1133934259414673,-1.4027634
-0.8897902369499207,-1.1945267
-0.6653063297271729,-0.97717285
-0.4403970241546631,-0.7737427
-0.21557164192199707,-0.5590439
0.008659958839416504,-0.34162903
0.23181885480880737,-0.11948395
0.4533963203430176,0.10246277
0.672905445098877,0.32035828
0.8898371458053589,0.5385361
1.1036969423294067,0.75400543
1.314013957977295,0.9691391
1.5202479362487793,1.1818008
1.7219507694244385,1.3954391
1.9185903072357036,1.6102448
2.109687328338623,1.821907
2.2947559356689453,2.0254364
2.4732863903045654,2.217949
2.6447768211364746,2.4042435
2.8087329864501953,2.586319
2.9646692276000977,2.7602386
3.1120755672454834,2.9254227
3.250465154647827,3.0808105
3.3793375492095947,3.2196808
3.498197078704834,3.3462372
3.6065733432769917,3.4628067
3.7039570808410645,3.568924
3.7901360988616943,3.6653671
3.865295886993408,3.7506638
3.9297118186950684,3.8243484
3.9836535453796387,3.886139
4.0274128913879395,3.935051
4.06126594543457,3.9736328
4.08549690246582,4.0023346
4.1003894805908345,4.0217056
4.106220722198486,4.032181
4.103297710418715,4.034073
4.091912746429443,4.027649
4.072420597076416,4.0132217
4.045088768005371,3.9910889
4.010215759277358,3.9615173
3.9680819511413716,3.924797
3.918950080871582,3.8791122
3.8630881309509277,3.826561
3.8007874488830566,3.767395
3.7323172092437744,3.7019272
3.6579527854919434,3.6303787
3.577955245971694,3.5530167
3.492601156234741,3.4694824
3.402143478393569,3.3790207
3.3068974018096924,3.2830276
3.2070999145507955,3.1784897
3.103027343749986,3.0692444
2.9949638843536377,2.9555817
2.883185625076294,2.8377762
2.767953634262085,2.7161484
2.6495361328125,2.5909576
2.528209209442153,2.4625244
2.4042725563049316,2.3310928
2.277963876724229,2.1970062
2.1495518684387207,2.0605087
2.0193428993225098,1.9191895
1.8875826597213745,1.7770462
1.7545630931854248,1.634613
1.6205370426177979,1.492073
1.4857808351516724,1.3504639
1.3505781888961792,1.2119064
1.2151976823806763,1.0746918
1.0798929929733276,0.9374008
0.9449629783630371,0.800766
0.8106529116630554,0.66858673
0.6772699952125549,0.5372772
0.5450520515441895,0.40692902
0.41438212990760803,0.27783966
0.2858111560344696,0.15026855
0.15950077772140503,0.024635315
0.03543730080127716,-0.100379944
-0.0863320380449295,-0.22523499
-0.20579028129577637,-0.34680176
-0.32293620705604553,-0.46215057
-0.4377298951148987,-0.5741501
-0.5501391291618347,-0.6836319
-0.6602009534835815,-0.79078674
-0.7678448557853699,-0.8952637
-0.8730541467666626,-0.996788
-0.9758197069168091,-1.1038208
-1.07613205909729,-1.2057648
-1.1739674806594849,-1.3026886
-1.2692854404449463,-1.3968735
-1.3621079921722412,-1.4885101
-1.4523571729660034,-1.5755157
-1.540061593055725,-1.6594925
-1.625197172164917,-1.7410583
-1.7077163457870483,-1.820198
-1.7876256704330444,-1.8968582
-1.864884853363037,-1.9704895
-1.939493179321289,-2.041031
-2.011432647705078,-2.1090927
-2.0806572437286377,-2.1743546
-2.1471872329711914,-2.2355423
-2.2109687328338623,-2.2954178
-2.271991729736328,-2.352829
-2.33024001121521,-2.4073105
-2.3856961727142334,-2.4588318
-2.4383366107940674,-2.5078125
-2.4881510734558105,-2.554222
-2.5351011753082275,-2.5980453
-2.579184055328369,-2.6380844
-2.620368719100952,-2.675331
-2.6586456298828125,-2.7110367
-2.693990468978882,-2.7445526
-2.7263858318328857,-2.77536
-2.755800724029541,-2.8034744
-2.7822318077087402,-2.8288498
-2.8056588172912598,-2.8514862
-2.8260293006896973,-2.8713531
-2.843348741531372,-2.8884506
-2.857570171356201,-2.9027176
-2.8687076568603516,-2.9141693
-2.8766660690307617,-2.92276
-2.8813393115997314,-2.9284744
-2.882664918899536,-2.931221
-2.8805506229400635,-2.9309387
-2.874912977218628,-2.9275208
-2.865635871887207,-2.9208908
